question,chunks,documents,oracle answer,GPT answer,Gemini answer
How do the various approaches discussed across the documents contribute to optimizing feature extraction and model efficiency?,"[26368, 26514, 13909, 24604]","[2259.0, 2268.0, 1135.0, 2133.0]","Document 2259.0 discusses feature extraction techniques involving tokenizers and feature extractors to optimize model performance. Document 2268.0 highlights architectural changes that improve feature extraction efficiency. Document 1135.0 provides usage tips for integrating CLVP for optimizing generated speech outputs. Document 2133.0 discusses the impact of preprocessing on the efficiency of model inference, especially for transcription.","The documents collectively emphasize optimizing feature extraction and model efficiency through innovations in model architectures, such as advanced attention mechanisms and reduced numerical precision, which lower memory usage and computational overhead. Standardized pre-processing and flexible tool choices enhance input handling and adaptability for specific tasks, while optimized inference techniques like Flash Attention further streamline performance. Comprehensive evaluation metrics and detailed documentation practices ensure responsible deployment and help in selecting the most efficient models, ultimately leading to better scalability and effective use of resources.






","The documents discuss several approaches that optimize feature extraction and model efficiency, including:

* **Reducing Parameter Count:** Techniques like ALBERT reduce the number of parameters in models, leading to more efficient memory usage.
* **Efficient Attention Mechanisms:** DeBERTa and Longformer use disentangled attention mechanisms and local windowed attention to improve attention efficiency, especially for processing long sequences.
* **Lower Precision:** Operating at lower precision (8-bit or 4-bit) can reduce computational cost without significantly affecting model performance.
* **Optimized Attention Algorithms:** Flash Attention uses optimized GPU memory utilization for improved efficiency.
* **Specialized Model Architectures:**  Alibi, Rotary Embeddings, Multi-Query Attention (MQA), and Grouped-Query-Attention (GQA) are specialized architectures that allow for more efficient inference, especially for autoregressive text generation tasks. 
"
How do the documents describe handling transcription accuracy challenges and improving inference speed in speech recognition?,"[24604, 28787, 26226]","[2133.0, 2444.0, 2248.0]",Document 2133.0 discusses the problem of slow inference times and suggests approaches to improve processing speed for large audio clips. Document 2444.0 emphasizes optimizing software code to reduce latency. Document 2248.0 introduces batching techniques to streamline the transcription pipeline and reduce overall processing time.,"The documents address transcription accuracy challenges and the need to improve inference speed in speech recognition by employing several techniques. To handle accuracy, models like LayoutLM integrate both text and layout features, and approaches such as Connectionist Temporal Classification (CTC) ensure reliable token alignment even when speech rates vary. For speeding up inference, methods like flash attention, int8 quantization, and chunking are used to reduce memory consumption and accelerate processing. Additionally, speculative decoding offers a 2x speed-up while guaranteeing the same transcription results by leveraging an assistant model to predict outputs more efficiently. Overall, these strategies aim to balance high transcription accuracy with faster, resource-efficient inference.","Document 0 mentions that while transcription accuracy is excellent, inference time is slow. The document describes using techniques like flash attention, half-precision, and chunking to optimize inference speed. 

Document 2 discusses the use of speculative decoding as a strategy to achieve 2x speed-ups in inference without impacting accuracy.  

Document 1 introduces the concept of int8 quantization, a technique that reduces the precision of floating point data types to decrease memory usage and improve inference performance without sacrificing accuracy. 
"
"How are different components, such as feature extractors, tokenizers, and language models, integrated to enhance machine learning pipelines?","[26368, 26514, 28787, 26226]","[2259.0, 2268.0, 2444.0, 2248.0]","Document 2259.0 discusses the integration of feature extractors and tokenizers to create more streamlined data preprocessing pipelines. Document 2268.0 addresses architectural enhancements for easier integration of components. Document 2444.0 highlights the use of pre-trained language models, while Document 2248.0 elaborates on batch decoding to improve processing.","Different components like feature extractors, tokenizers, and language models are integrated into machine learning pipelines to streamline processing, enhance flexibility, and boost efficiency. Feature extractors handle raw data (e.g., audio signals) by converting it into structured formats suitable for model input. Tokenizers then transform text into numerical tokens that the language model can process effectively. By combining these components into unified processor classes (e.g., Wav2Vec2Processor), the workflow is simplified, requiring fewer steps for users and reducing the potential for errors. This modular approach allows independent customization and debugging of each component, making it easier to fine-tune and adapt the pipeline for specific tasks. Ultimately, this integration improves the overall performance, scalability, and user experience of machine learning applications.","Components such as feature extractors, tokenizers, and language models work together to enhance machine learning pipelines by breaking down complex tasks into manageable steps. 

* **Feature extractors** convert raw data into meaningful features that a model can understand.
* **Tokenizers** break down text into smaller units (tokens) that can be processed by the model.
* **Language models** analyze and predict sequences of tokens to understand and generate text.

These components work in a chain, enabling the pipeline to perform tasks like speech recognition, text generation, and translation. 
"
Explain the role of architectural modifications in improving the performance and scalability of machine learning models.,"[26514, 28787, 27844]","[2268.0, 2444.0, 2353.0]",Document 2268.0 presents the architectural modifications for better scalability of models. Document 2444.0 explains the impact of such modifications on latency reduction. Document 2353.0 discusses data handling changes to ensure scalability across different model architectures.,"The documents describe several architectural modifications that significantly improve the performance and scalability of machine learning models. Key adjustments include optimizing components like positional embeddings and the key-value cache, which help manage memory and computation bottlenecks, especially for large input sequences in LLMs. Techniques such as casting model weights to lower precision (e.g., int8) reduce memory usage while maintaining accuracy. The replacement of traditional self-attention algorithms with more efficient versions decreases the computational overhead for tasks requiring long text inputs. Additionally, leveraging hardware-specific optimizations through tools like ONNX Runtime and collaboration with hardware partners (e.g., Intel) enables models to utilize specialized features, further enhancing performance. These modifications collectively enhance the efficiency, scalability, and adaptability of machine learning models across various applications.","The document provided focuses on the increasing size and complexity of machine learning models, especially Transformers, leading to performance challenges. It highlights the role of model acceleration techniques in optimizing model performance on specific hardware platforms. However, the document does not explicitly discuss the role of architectural modifications in improving performance and scalability. 
"
Compare the methods for optimizing data preprocessing as discussed in the documents. How does preprocessing impact model accuracy?,"[26368, 24604, 29028]","[2259.0, 2133.0, 2467.0]",Document 2259.0 focuses on feature extraction during preprocessing. Document 2133.0 discusses preprocessing for improving inference speed. Document 2467.0 highlights how preprocessing techniques like data augmentation can improve the accuracy of downstream models.,"
The documents outline various methods for optimizing data preprocessing, including on-the-fly transformations using functions like set_transform and map, dynamic padding for efficient memory use, and image augmentation techniques (e.g., resizing, cropping) to enhance dataset diversity. These methods streamline data handling, reduce resource consumption, and standardize input formats, which in turn improve model training efficiency. Effective preprocessing enhances model accuracy by providing consistent, high-quality input data, reducing noise, and preventing overfitting, thus enabling better generalization across different tasks and datasets.","The documents highlight two approaches to optimizing data preprocessing: 

1. **Using `~datasets.Dataset.set_transform` function:** This method applies transformations on the fly, resulting in faster processing and less disk space consumption. This is exemplified in Document 0. 

2. **Preprocessing the data into a format suitable for machine learning models:** This involves tasks such as tokenization and can vary depending on the input data type. Document 3 provides a comprehensive explanation of preprocessing. 

The impact of preprocessing on model accuracy is crucial. Effective preprocessing ensures the model receives data in a format it can understand, leading to better performance.  While the documents don't directly quantify the impact of preprocessing on accuracy, they emphasize its importance for successful model training and evaluation.
"
"How is tokenization used across different machine learning models to improve their performance, as described in the chunks?","[26368, 28787, 26226]","[2259.0, 2444.0, 2248.0]",Document 2259.0 highlights the role of tokenizers in feature extraction. Document 2444.0 explains the importance of efficient tokenization in reducing computation time. Document 2248.0 provides examples of using tokenizers for batch decoding to streamline the workflow.,"Tokenization improves model performance by converting raw text into numerical representations that machine learning models can process. Subword tokenization is commonly used across models for its ability to balance vocabulary size and contextual understanding, breaking words into meaningful segments that handle rare words effectively. Matching the tokenizer to the model used during training prevents distribution shifts, ensuring consistent input processing and maintaining performance, especially in transfer learning tasks. This standardization and efficient representation help reduce memory usage and enhance model accuracy.","Tokenization translates text into numbers, which machine learning models require as inputs. The process converts text into sub-units called tokens, which can be words, sub-words, or characters. Different tokenization methods can improve performance by addressing issues like vocabulary size, processing unseen words, and managing context.
"
"What are the proposed methods for improving large-scale transcription efficiency, and how do they relate to each other?","[24604, 26226, 28787]","[2133.0, 2248.0, 2444.0]","Document 2133.0 discusses the challenges with transcription efficiency, Document 2248.0 highlights batch processing to speed up transcription, and Document 2444.0 suggests software optimization to reduce transcription time for long audio clips.","The proposed methods for improving large-scale transcription efficiency include Parameter-Efficient Fine-Tuning (PEFT), quantization (e.g., 8-bit precision), and Flash Attention. PEFT reduces the need to fine-tune all model parameters, lowering computational costs. Quantization decreases memory usage by using lower precision without a notable drop in performance. Flash Attention optimizes memory usage by reducing attention computation complexity from quadratic to linear. These methods complement each other by focusing on different aspects of efficiency: reducing parameter updates (PEFT), memory usage (quantization), and computation speed (Flash Attention).","The proposed methods for improving large-scale transcription efficiency are:

* **Lower Precision:** Running models with reduced numerical precision (8-bit and 4-bit) can improve computational efficiency without sacrificing performance.
* **Flash Attention:**  This technique optimizes the attention algorithm, reducing memory usage and increasing speed. It is a faster and more efficient method than traditional approaches. 

These methods are related in that they both aim to improve the efficiency of large language models, particularly during transcription. Lower Precision focuses on reducing computational cost, while Flash Attention focuses on optimizing memory usage and increasing speed. 
"
How do the documents address challenges in creating scalable feature extraction frameworks for machine learning?,"[26514, 27844, 29028]","[2268.0, 2353.0, 2467.0]","Document 2268.0 provides an overview of architectural improvements for scalability. Document 2353.0 explains how modular data processing can help scale feature extraction processes, while Document 2467.0 highlights data augmentation and preprocessing techniques for scalable model training.","The documents address challenges in scalable feature extraction by implementing multi-scale feature maps, efficient model wrappers, and distributed training techniques. Frameworks like timm support flexible feature extraction by allowing configuration options such as features_only and output_stride, which adapt the model's architecture for different tasks (Documents 3, 4, 5). Additionally, distributed training approaches, as seen in RAG, handle scalability by optimizing data retrieval and reducing redundancy in document indexing (Document 9). These strategies collectively improve scalability and efficiency in feature extraction for machine learning tasks.","The provided documents do not directly address challenges in creating scalable feature extraction frameworks for machine learning. They focus on data preparation, data inspection, and general challenges in ML development. 
"
"How is transcription accuracy ensured while maintaining processing efficiency, according to the documents?","[24604, 26226, 27844]","[2133.0, 2248.0, 2353.0]","Document 2133.0 highlights accuracy challenges in transcription. Document 2248.0 suggests using batch processing to maintain efficiency, while Document 2353.0 discusses the use of pre-trained models for better accuracy without compromising on speed.","Transcription accuracy is ensured while maintaining processing efficiency through a combination of optimization techniques like flash attention, half-precision computation, and chunking to speed up inference without compromising quality. Additionally, methods such as speculative decoding help streamline the process by making it compatible with both transcription and translation tasks, thus reducing latency while preserving high accuracy.","The provided documents do not address maintaining processing efficiency while ensuring transcription accuracy. 
"
What are the benefits of using pre-trained models in audio transcription as described across the documents?,"[28787, 26368, 26226]","[2444.0, 2259.0, 2248.0]","Document 2444.0 highlights the efficiency gains from using pre-trained models. Document 2259.0 discusses how pre-trained tokenizers can help in accurate feature extraction, and Document 2248.0 covers the reduced computational needs due to pre-training.","The benefits of using pre-trained models in audio transcription include reduced need for extensive fine-tuning, improved accuracy through learned speech representations, and efficient handling of complex audio features. Pre-trained models like Whisper and Wav2Vec2 leverage their prior knowledge to quickly adapt to transcription tasks, provide context-aware predictions, and reduce training costs. Additionally, these models can handle diverse audio inputs and languages more robustly, streamlining the transcription process and enhancing overall performance.","Using pre-trained models in audio transcription can significantly reduce compute costs, carbon footprint, and time required to train a model from scratch. This is because pre-trained models have already learned to map speech to text, thus requiring less fine-tuning and potentially yielding competitive performance. 
"
How do different feature extraction techniques across multiple chunks help improve the accuracy of machine learning models in speech recognition?,"[26368, 26514, 26226]","[2259.0, 2268.0, 2248.0]","Document 2259.0 discusses the use of tokenizers and feature extractors to streamline audio preprocessing, which improves model accuracy. Document 2268.0 highlights architectural improvements in feature extraction methods, making them more efficient and precise. Document 2248.0 introduces batch decoding strategies that ensure smoother feature extraction, reducing errors and enhancing model performance.","Different feature extraction techniques improve speech recognition accuracy by efficiently capturing meaningful patterns from raw audio data. For example, methods like Wav2Vec2 utilize feature extractors to convert continuous audio signals into a structured representation, often using techniques like Log-Mel spectrograms or CNN layers to emphasize acoustically relevant features. These extracted features help models like XLS-R and Wav2Vec2 to focus on essential speech characteristics, reducing noise and contextually irrelevant data, ultimately leading to more accurate transcription outcomes. Additionally, aligning the extracted features with the pre-trained model's expectations further enhances performance during fine-tuning and inference stages.","The provided text does not contain information on how different feature extraction techniques across multiple chunks help improve the accuracy of machine learning models in speech recognition. 
"
How do batch processing and architectural modifications discussed in the documents enhance the scalability of machine learning models?,"[28787, 27844, 24604]","[2444.0, 2353.0, 2133.0]","Document 2444.0 discusses software optimizations that facilitate batch processing, which allows models to scale effectively. Document 2353.0 elaborates on data handling improvements, making it easier to scale the model to handle larger inputs. Document 2133.0 highlights the role of batch processing in optimizing resource use, thereby improving model scalability.","Batch processing and architectural modifications enhance scalability by reducing synchronization overhead and enabling parallel computation. Batch processing, such as using Dataset.map() with batched=True, allows efficient handling of multiple examples at once, improving data throughput. Architectural changes, like accumulating large batches across devices and leveraging efficient hardware (e.g., GPUs, TPUs), optimize memory usage and speed up matrix operations, making training more scalable and fault-tolerant. These combined strategies lead to faster and more efficient model scaling.","Batch processing allows for more efficient processing of data, leading to faster inference times. This is because models can process multiple samples simultaneously, reducing the overhead associated with individual sample processing. Upgrading hardware, particularly to GPUs or TPUs, provides a significant increase in processing power, further boosting inference speed and model scalability. 
"
Compare the efficiency of different transcription methods across documents. How do these methods contribute to reducing processing time?,"[24604, 26226, 26368]","[2133.0, 2248.0, 2259.0]","Document 2133.0 discusses how long audio files are transcribed using optimized batching, which speeds up transcription. Document 2248.0 elaborates on batch decoding that processes multiple audio clips simultaneously, significantly reducing processing time. Document 2259.0 mentions the ASR pipeline and how efficient tokenizers improve the overall speed of transcription.","The documents compare several transcription methods, highlighting strategies like optimized attention mechanisms (e.g., Longformer's local and global attention), which reduce computational overhead for long sequences, and batching techniques like group_by_length to minimize padding. RNN-based architectures also offer efficiency by maintaining fixed memory usage regardless of input length. Methods like using pre-trained models (e.g., ALBERT and DeBERTa) further enhance processing speed through reduced parameter sizes and specialized attention mechanisms. Together, these approaches effectively reduce processing time by minimizing memory usage, enhancing parallelization, and decreasing unnecessary computations.","Document 1 describes TAPEX as a pre-training method that is 50 times faster than TaBERT, while using only 2% of the training corpus. 
Document 2 mentions ""group_by_length"", which groups training samples of similar input length into one batch, reducing processing time by minimizing padding tokens. 
Document 4 discusses FlashAttention, which is more memory efficient and can reduce memory usage up to 20x for larger sequence lengths.  This allows for faster training on larger datasets. 
Overall, these methods reduce processing time by using more efficient pre-training methods, minimizing padding tokens and improving memory efficiency. 
"
How do different documents address the role of pre-trained models in enhancing the performance of audio-to-text systems?,"[26514, 26368, 28787]","[2268.0, 2259.0, 2444.0]","Document 2268.0 explains how pre-trained models can be adapted with minimal additional training to improve audio-to-text conversion. Document 2259.0 emphasizes the use of tokenizers trained on large datasets to improve recognition accuracy. Document 2444.0 discusses the efficiency gained by using pre-trained models, as they require fewer resources during the training process.","The documents highlight the role of pre-trained models in improving the performance of audio-to-text systems by leveraging self-supervised learning and fine-tuning on specific tasks. Models like Whisper, which are pre-trained directly on supervised speech-to-text data, require minimal fine-tuning to achieve high performance. In contrast, Wav2Vec 2.0, trained in an unsupervised manner, requires more fine-tuning to learn the speech-to-text mapping effectively. Additionally, models such as SpeechT5 are pre-trained on both speech-to-text and text-to-speech data, enabling them to adapt to multiple tasks with fewer resources. These pre-trained models enhance efficiency and reduce the need for extensive labeled data, significantly improving the scalability and performance of audio-to-text systems.","Document 4 discusses the role of pre-trained models in audio-to-text systems by comparing Whisper, which is pre-trained on a supervised speech recognition task, with Wav2Vec 2.0, which is pre-trained on an unsupervised masked prediction task. It argues that Whisper's supervised pre-training allows it to learn a direct speech-to-text mapping, resulting in better performance with less fine-tuning compared to Wav2Vec 2.0, which requires more fine-tuning to achieve competitive performance.
"
"What challenges are identified in maintaining transcription accuracy, and how are they addressed across different documents?","[24604, 26226, 27844]","[2133.0, 2248.0, 2353.0]","Document 2133.0 identifies issues with maintaining transcription accuracy for long audio segments and proposes batching as a solution. Document 2248.0 explains the role of batch processing to ensure uniform quality across different segments. Document 2353.0 highlights the use of additional training data to improve model accuracy, ensuring the model can handle variations in audio quality.","Maintaining transcription accuracy faces challenges such as handling complex languages with rich vocabularies and dialects, slow inference times, and the difficulty of processing long sequences of audio data. These challenges are addressed by employing specialized models for complex languages like Arabic, optimizing computational efficiency through techniques like flash attention and half-precision to reduce processing time, and using fine-tuning methods on pre-trained models. Additionally, models like deep fusion are used to improve the integration of audio and language models, while contrastive learning and self-supervised pre-training help enhance the generalizability and accuracy across diverse audio inputs.","Document 2 states that while the transcription accuracy is exceptional, the inference time is very slow. It takes upwards of 6 minutes to transcribe a 1-hour audio clip on a 16GB T4 GPU, even after leveraging inference optimisations like flash attention, half-precision, and chunking. Document 4 mentions that duplication in training data can lead to models outputting verbatim training data, impacting accuracy and potentially making improvements a false claim. 
"
How do the approaches discussed across documents improve the generalizability of language models in handling diverse audio inputs?,"[26368, 26514, 28787]","[2259.0, 2268.0, 2444.0]","Document 2259.0 explains the role of diverse tokenizers and feature extraction in making the model robust to different types of input. Document 2268.0 details improvements in architectural design to better generalize across varied audio environments. Document 2444.0 highlights using large, diverse datasets during training to ensure the model can handle different audio contexts.","The approaches discussed across the documents improve the generalizability of language models by employing large-scale, multilingual pretraining on diverse audio datasets, such as XLS-R, which is trained on hundreds of hours of speech data in 128 languages. Techniques like contrastive language-audio pretraining enhance the model’s ability to process and align audio and textual inputs across different languages and contexts. Furthermore, the use of self-supervised models like AudioMAE and latent diffusion models, along with methods like deep fusion in sequence-to-sequence models, allows the models to adapt to varied audio inputs such as speech, music, and sound effects, ensuring improved accuracy and flexibility across tasks. These strategies also help models better handle long-range dependencies and diverse acoustic environments, enhancing their performance on unseen or less-represented data.","The documents discuss how incorporating language models into audio processing systems, specifically using deep fusion, can enhance generalizability. This approach allows for end-to-end training with the same data and loss function, leading to greater flexibility and superior performance compared to shallow fusion methods. 
"
"What is the impact of batching techniques on model performance, as explained across multiple documents?","[26226, 24604, 27844]","[2248.0, 2133.0, 2353.0]","Document 2248.0 explains how batching helps to speed up the transcription process, which directly improves model performance. Document 2133.0 addresses how batching minimizes errors by providing consistent input sizes. Document 2353.0 discusses the reduction in processing time, which allows the model to handle a larger volume of data effectively.","Batching techniques impact model performance by improving efficiency and throughput. Larger batch sizes can speed up training by fully utilizing GPU memory, reducing the time spent per iteration. Techniques like gradient accumulation allow for larger virtual batch sizes without exceeding memory limits, stabilizing the training process. However, the optimal batch size must balance performance and memory capacity. While larger batches may lead to faster convergence and better performance, too large a batch size can lead to inefficiencies, especially if it causes excessive memory usage or longer latencies. Careful tuning of batch size based on model requirements and available resources is crucial for achieving optimal performance.","Batching techniques can improve model performance by increasing throughput and reducing latency. However, batching may not always be beneficial for all types of models, as it can increase latency for some. Additionally, batching can be used to debug models by allowing for quick verification of model learning and tensor shape correctness. 
"
Describe the different optimization strategies for improving inference speed in speech recognition systems.,"[24604, 26226, 28787]","[2133.0, 2248.0, 2444.0]","Document 2133.0 presents batch processing as an effective way to reduce inference time. Document 2248.0 discusses using optimized feature extractors to speed up initial stages of inference. Document 2444.0 suggests that software-level optimizations, such as improved algorithms, help reduce the overall time required for inference.","Optimization strategies for improving inference speed in speech recognition systems include using techniques like BetterTransformer, which accelerates inference by fusing operations and utilizing memory-efficient attention mechanisms like FlashAttention. Quantization methods, such as int8 quantization, reduce memory usage and enhance inference speed by lowering the precision of model weights while maintaining near-original performance. Additionally, models like SEW (Squeezed Efficient Wav2Vec) offer architecture improvements that speed up inference while reducing error rates. Efficient hardware usage, such as leveraging TPUs and optimizing batch sizes, also contributes to faster processing times. These strategies collectively reduce latency and computational load, improving the overall performance of speech recognition systems.","The document describes several optimization strategies for improving inference speed in speech recognition systems, particularly for wav2vec 2.0.  These strategies involve:

* **Squeezed and Efficient Wav2vec (SEW)**: A pre-trained model architecture that achieves a 1.9x inference speedup compared to wav2vec 2.0 while reducing the word error rate by 13.5%. This approach focuses on optimizing the model's architecture for better performance and efficiency. 
* **Paged Attention**: This strategy, used for LLMs, enables high throughput by dividing attention calculations into smaller, manageable chunks.  
* **Flash Attention**: A technique that accelerates attention calculations for improved latency. 
"
How do different feature extraction methods contribute to enhancing the performance of ASR (Automatic Speech Recognition) systems?,"[26368, 26514, 24604]","[2259.0, 2268.0, 2133.0]","Document 2259.0 explains the use of tokenizers for extracting relevant features from audio inputs, which is crucial for ASR performance. Document 2268.0 highlights feature extraction improvements that ensure high-quality data is passed to the model. Document 2133.0 discusses preprocessing techniques that clean the data, improving the efficiency of the feature extraction process.","Different feature extraction methods enhance the performance of ASR systems by efficiently converting raw audio signals into formats suitable for processing by speech recognition models. The use of specialized feature extractors, like Wav2Vec2FeatureExtractor, normalizes and preprocesses speech data, ensuring that the audio is represented as meaningful features, such as spectrograms or feature vectors, that the model can understand. These methods improve the model's ability to capture relevant speech patterns and acoustic features, reducing the complexity of the input data and leading to more accurate transcriptions. Additionally, the integration of tokenizers like Wav2Vec2CTCTokenizer ensures that the model outputs are properly decoded into readable text. Fine-tuning these feature extraction processes for specific tasks, such as speaker verification or multilingual recognition, further enhances the accuracy and efficiency of ASR systems.","The provided context does not discuss how different feature extraction methods affect ASR performance. 
"
How are architectural changes across documents used to improve the handling of large datasets in machine learning models?,"[26514, 28787, 27844]","[2268.0, 2444.0, 2353.0]",Document 2268.0 discusses modifications in the model architecture to better handle large inputs. Document 2444.0 elaborates on the use of parallel processing during model training. Document 2353.0 presents storage and retrieval techniques that facilitate efficient handling of extensive datasets.,"The architectural changes discussed across the documents aim to optimize machine learning models for handling large datasets more efficiently. Key strategies include optimizing the model's memory usage, such as improving the management of positional embeddings and the key-value cache, which are critical for processing large input sequences. Techniques like batch size scaling, where multiple model instances are used to handle subsets of data, help improve throughput while managing memory constraints. Additionally, frameworks such as BetterTransformer accelerate inference by combining operations and using memory-efficient attention mechanisms. Self-supervised pre-training, such as with Wav2Vec2 and MMS, enhances performance by allowing models to learn from vast amounts of data without excessive fine-tuning, enabling more efficient scaling with large, diverse datasets.","The provided documents do not contain information on architectural changes for handling large datasets in machine learning models. 
"