question,chunks,documents,answer
How do the various approaches discussed across the documents contribute to optimizing feature extraction and model efficiency?,"[26368, 26514, 13909, 24604]","[2259.0, 2268.0, 1135.0, 2133.0]","Document 2259.0 discusses feature extraction techniques involving tokenizers and feature extractors to optimize model performance. Document 2268.0 highlights architectural changes that improve feature extraction efficiency. Document 1135.0 provides usage tips for integrating CLVP for optimizing generated speech outputs. Document 2133.0 discusses the impact of preprocessing on the efficiency of model inference, especially for transcription."
How do the documents describe handling transcription accuracy challenges and improving inference speed in speech recognition?,"[24604, 28787, 26226]","[2133.0, 2444.0, 2248.0]",Document 2133.0 discusses the problem of slow inference times and suggests approaches to improve processing speed for large audio clips. Document 2444.0 emphasizes optimizing software code to reduce latency. Document 2248.0 introduces batching techniques to streamline the transcription pipeline and reduce overall processing time.
"How are different components, such as feature extractors, tokenizers, and language models, integrated to enhance machine learning pipelines?","[26368, 26514, 28787, 26226]","[2259.0, 2268.0, 2444.0, 2248.0]","Document 2259.0 discusses the integration of feature extractors and tokenizers to create more streamlined data preprocessing pipelines. Document 2268.0 addresses architectural enhancements for easier integration of components. Document 2444.0 highlights the use of pre-trained language models, while Document 2248.0 elaborates on batch decoding to improve processing."
Explain the role of architectural modifications in improving the performance and scalability of machine learning models.,"[26514, 28787, 27844]","[2268.0, 2444.0, 2353.0]",Document 2268.0 presents the architectural modifications for better scalability of models. Document 2444.0 explains the impact of such modifications on latency reduction. Document 2353.0 discusses data handling changes to ensure scalability across different model architectures.
Compare the methods for optimizing data preprocessing as discussed in the documents. How does preprocessing impact model accuracy?,"[26368, 24604, 29028]","[2259.0, 2133.0, 2467.0]",Document 2259.0 focuses on feature extraction during preprocessing. Document 2133.0 discusses preprocessing for improving inference speed. Document 2467.0 highlights how preprocessing techniques like data augmentation can improve the accuracy of downstream models.
"How is tokenization used across different machine learning models to improve their performance, as described in the chunks?","[26368, 28787, 26226]","[2259.0, 2444.0, 2248.0]",Document 2259.0 highlights the role of tokenizers in feature extraction. Document 2444.0 explains the importance of efficient tokenization in reducing computation time. Document 2248.0 provides examples of using tokenizers for batch decoding to streamline the workflow.
"What are the proposed methods for improving large-scale transcription efficiency, and how do they relate to each other?","[24604, 26226, 28787]","[2133.0, 2248.0, 2444.0]","Document 2133.0 discusses the challenges with transcription efficiency, Document 2248.0 highlights batch processing to speed up transcription, and Document 2444.0 suggests software optimization to reduce transcription time for long audio clips."
How do the documents address challenges in creating scalable feature extraction frameworks for machine learning?,"[26514, 27844, 29028]","[2268.0, 2353.0, 2467.0]","Document 2268.0 provides an overview of architectural improvements for scalability. Document 2353.0 explains how modular data processing can help scale feature extraction processes, while Document 2467.0 highlights data augmentation and preprocessing techniques for scalable model training."
"How is transcription accuracy ensured while maintaining processing efficiency, according to the documents?","[24604, 26226, 27844]","[2133.0, 2248.0, 2353.0]","Document 2133.0 highlights accuracy challenges in transcription. Document 2248.0 suggests using batch processing to maintain efficiency, while Document 2353.0 discusses the use of pre-trained models for better accuracy without compromising on speed."
What are the benefits of using pre-trained models in audio transcription as described across the documents?,"[28787, 26368, 26226]","[2444.0, 2259.0, 2248.0]","Document 2444.0 highlights the efficiency gains from using pre-trained models. Document 2259.0 discusses how pre-trained tokenizers can help in accurate feature extraction, and Document 2248.0 covers the reduced computational needs due to pre-training."
How do different feature extraction techniques across multiple chunks help improve the accuracy of machine learning models in speech recognition?,"[26368, 26514, 26226]","[2259.0, 2268.0, 2248.0]","Document 2259.0 discusses the use of tokenizers and feature extractors to streamline audio preprocessing, which improves model accuracy. Document 2268.0 highlights architectural improvements in feature extraction methods, making them more efficient and precise. Document 2248.0 introduces batch decoding strategies that ensure smoother feature extraction, reducing errors and enhancing model performance."
How do batch processing and architectural modifications discussed in the documents enhance the scalability of machine learning models?,"[28787, 27844, 24604]","[2444.0, 2353.0, 2133.0]","Document 2444.0 discusses software optimizations that facilitate batch processing, which allows models to scale effectively. Document 2353.0 elaborates on data handling improvements, making it easier to scale the model to handle larger inputs. Document 2133.0 highlights the role of batch processing in optimizing resource use, thereby improving model scalability."
Compare the efficiency of different transcription methods across documents. How do these methods contribute to reducing processing time?,"[24604, 26226, 26368]","[2133.0, 2248.0, 2259.0]","Document 2133.0 discusses how long audio files are transcribed using optimized batching, which speeds up transcription. Document 2248.0 elaborates on batch decoding that processes multiple audio clips simultaneously, significantly reducing processing time. Document 2259.0 mentions the ASR pipeline and how efficient tokenizers improve the overall speed of transcription."
How do different documents address the role of pre-trained models in enhancing the performance of audio-to-text systems?,"[26514, 26368, 28787]","[2268.0, 2259.0, 2444.0]","Document 2268.0 explains how pre-trained models can be adapted with minimal additional training to improve audio-to-text conversion. Document 2259.0 emphasizes the use of tokenizers trained on large datasets to improve recognition accuracy. Document 2444.0 discusses the efficiency gained by using pre-trained models, as they require fewer resources during the training process."
"What challenges are identified in maintaining transcription accuracy, and how are they addressed across different documents?","[24604, 26226, 27844]","[2133.0, 2248.0, 2353.0]","Document 2133.0 identifies issues with maintaining transcription accuracy for long audio segments and proposes batching as a solution. Document 2248.0 explains the role of batch processing to ensure uniform quality across different segments. Document 2353.0 highlights the use of additional training data to improve model accuracy, ensuring the model can handle variations in audio quality."
How do the approaches discussed across documents improve the generalizability of language models in handling diverse audio inputs?,"[26368, 26514, 28787]","[2259.0, 2268.0, 2444.0]","Document 2259.0 explains the role of diverse tokenizers and feature extraction in making the model robust to different types of input. Document 2268.0 details improvements in architectural design to better generalize across varied audio environments. Document 2444.0 highlights using large, diverse datasets during training to ensure the model can handle different audio contexts."
"What is the impact of batching techniques on model performance, as explained across multiple documents?","[26226, 24604, 27844]","[2248.0, 2133.0, 2353.0]","Document 2248.0 explains how batching helps to speed up the transcription process, which directly improves model performance. Document 2133.0 addresses how batching minimizes errors by providing consistent input sizes. Document 2353.0 discusses the reduction in processing time, which allows the model to handle a larger volume of data effectively."
Describe the different optimization strategies for improving inference speed in speech recognition systems.,"[24604, 26226, 28787]","[2133.0, 2248.0, 2444.0]","Document 2133.0 presents batch processing as an effective way to reduce inference time. Document 2248.0 discusses using optimized feature extractors to speed up initial stages of inference. Document 2444.0 suggests that software-level optimizations, such as improved algorithms, help reduce the overall time required for inference."
How do different feature extraction methods contribute to enhancing the performance of ASR (Automatic Speech Recognition) systems?,"[26368, 26514, 24604]","[2259.0, 2268.0, 2133.0]","Document 2259.0 explains the use of tokenizers for extracting relevant features from audio inputs, which is crucial for ASR performance. Document 2268.0 highlights feature extraction improvements that ensure high-quality data is passed to the model. Document 2133.0 discusses preprocessing techniques that clean the data, improving the efficiency of the feature extraction process."
How are architectural changes across documents used to improve the handling of large datasets in machine learning models?,"[26514, 28787, 27844]","[2268.0, 2444.0, 2353.0]",Document 2268.0 discusses modifications in the model architecture to better handle large inputs. Document 2444.0 elaborates on the use of parallel processing during model training. Document 2353.0 presents storage and retrieval techniques that facilitate efficient handling of extensive datasets.
